"    ""با همکاری و مشارکت قطب کشوری نجوم پژوهش‌سراهای دانش‌آموزی، ویژه‌برنامه‌های هفته جهانی فضا برای دانش‌آموزان سراسر کشور برگزار می‌شود."",",science
"    ""چند روز پیش یکی از جاه‌طلبانه‌ترین مأموریت‌های فضایی تاریخ، یعنی پولاریس داون (Polaris Dawn)، با موفقیت انجام شد؛ در این مأموریت، فضانوردان برای اولین بار در تاریخ، یک راهپیمایی فضایی خصوصی را به ثبت رساندند."",",science
"    ""با پرتاب هزاران ماهواره کوچک، ایلان ماسک و اسپیس‌ایکس در حال ایجاد یک شبکه جهانی از اینترنت ماهواره‌ای هستند؛ پروژه استارلینک به عنوان یکی از جاه‌طلبانه‌ترین پروژه‌های فضایی شناخته می‌شود."",",science
"    ""با همکاری و مشارکت قطب کشوری نجوم پژوهش‌سراهای دانش‌آموزی، ویژه‌برنامه‌های هفته جهانی فضا برای دانش‌آموزان سراسر کشور برگزار می‌شود."",",science
"    ""چند روز پیش یکی از جاه‌طلبانه‌ترین مأموریت‌های فضایی تاریخ، یعنی پولاریس داون (Polaris Dawn)، با موفقیت انجام شد؛ در این مأموریت، فضانوردان برای اولین بار در تاریخ، یک راهپیمایی فضایی خصوصی را به ثبت رساندند."",",science
"    ""بر اساس داده‌های ماهواره‌ای، پدیده‌ای شگفت‌انگیز در زیر فلات آناتولی مرکزی ترکیه، به‌ویژه در حوضه قونیه، کشف شده است. این پدیده شامل فرونشست پوسته زمین است که شکل‌گیری این حوضه را تحت تأثیر قرار داده است."",",science
"    ""با پرتاب هزاران ماهواره کوچک، ایلان ماسک و اسپیس‌ایکس در حال ایجاد یک شبکه جهانی از اینترنت ماهواره‌ای هستند؛ پروژه استارلینک به عنوان یکی از جاه‌طلبانه‌ترین پروژه‌های فضایی شناخته می‌شود."",",science
"    ""ماهواره چمران۱ باموفقیت مانورهای پیچیده مداری خود را اجرا کرد. پس از اطمینان از صحت عملکرد زیرسامانه‌ها و الگوریتم‌های پرواز، این ماهواره توانست با دقت بالا مانور کاهش ارتفاع و تغییر فاز را به سرانجام برساند و بستر جدیدی برای تحقیقات فضایی فراهم کند."",",science
"    ""دبیرهفته جهانی فضا، اسامی انتخاب شده برای ایام هفته جهانی فضا را اعلام کرد."",",science
"    ""دانشمندان طولانی‌ترین جت‌ موادهای فضایی را که از یک سیاه‌چاله در کهکشان دوردست جریان دارد، کشف کرده‌اند. این جت‌ها که پلاسمای داغ را به بیرون پرتاب می‌کنند، بزرگ‌ترین جت‌های شناخته‌شده هستند و طول آن‌ها تقریباً به اندازه ۱۴۰برابر کهکشان راه شیری است."",",science
"    ""چین روز جمعه ۶ ماهواره جدید را از مرکز پرتاب ماهواره تایوان در استان شانشی در شمال چین به فضا فرستاد."",",science
"    ""ماهواره Copernicus Sentinel-۲C که در ۵ سپتامبر ۲۰۲۴ با موشک Vega از بندر فضایی اروپا در گویان فرانسه پرتاب شد، به تازگی نخستین تصاویر خود را ارائه کرده است."",",science
"    ""توافق نامه همکاری میان سازمان فضایی ایران و سازمان جغرافیایی نیروهای مسلح با موضوع استفاده از داده‌های ماهواره خیام برای تولید محصولات ارتوفتو و نقشه‌های پایه به‌روز شده امضا شد."",",science
"    ""اولین جلسه فرا سازمانی ستاد سیاستگذاری و برنامه‌ریزی هفته جهانی فضا با حضور نمایندگان سازمان‌های متولی و بهره‌بردار از خدمات صنعت فضایی در محل سازمان فضایی ایران برگزار شد."",",science
"    ""ماهواره چمران۱ با جذب توان حداکثری آماده اجرای مانورهای مداری در طول عمر خود خواهد بود."",",science
"    ""در سحرگاهی که ماه در آغوش سایه زمین جای می‌گیرد، فرصتی طلایی برای علاقه‌مندان به نجوم فراهم می‌شود تا به رمز و راز حرکت اجرام آسمانی پی ببرند. ماه‌گرفتگی نیم‌سایه‌ای نه تنها یک رویداد نجومی زیبا، بلکه کلاس درسی برای درک بهتر قوانین حاکم بر کیهان است."",",science
"    ""بامداد فردا چهارشنبه، نخستین ماه‌گرفتگی قابل مشاهده سال در ایران رخ می‌دهد. این ماه‌گرفتگی جزئی، که تنها بخش کوچکی از ماه را در سایه زمین قرار می‌دهد، به‌دلیل نزدیکی به طلوع خورشید، فرصت محدودی برای مشاهده خواهد داشت."",",science
"    ""رئیس سازمان مدیریت و برنامه ریزی استان اردبیل گفت: راه اندازی ۷ ایستگاه تعیین موقعیت ماهواره ای در اردبیل GNSS جزو رویکردهای اصلی و برنامه های تعریفی امسال است."",",science
"    ""میکروماهواره چمران۱ با موفقیت در مدار قرار گرفت و فصل جدیدی را در تاریخ صنعت فضایی ایران رقم زد، این دستاورد بزرگ نشان از توانمندی بالای دانشمندان و مهندسان ایرانی در بومی‌سازی فناوری‌های فضایی و توسعه منظومه‌های ماهواره‌ای دارد."",",science
"    ""رئیس سازمان فضایی ایران با بیان اینکه پرتاب‌های بعدی بهتر از پرتاب فعلی خواهد بود، گفت: برنامه‌ریزی برای پرتاب بعدی از پایگاه فضایی چابهار در حال انجام است."",",science
"    ""پرتاب موفقیت‌آمیزماهواره چمران، ۳ شاخص اصلی داشت که آن را از سایر ماهواره‌های ایران متمایز می‌کند."",",science
"    ""رئیس سازمان فضایی ایران گفت: ما امسال بین ۵ تا ۷ پرتاب را پیش‌بینی کردیم که اولین پرتاب آن امروز انجام شد و تا پایان سال حداقل ۴ تا ۶ پرتاب دیگر نیز داریم که بعضی از این پرتاب‌ها عملیاتی هستند و بعضی نیز تحقیقاتی و آزمایشگاهی هستند."",",science
"    ""اخترشناسان با مشاهده حباب‌های گازی عظیمی که یک ستاره را فرا گرفته‌اند، به کشفی شگفت‌انگیز دست یافتند. این حباب‌ها که ۷۵ برابر بزرگ‌تر از خورشید هستند، اطلاعات ارزشمندی در مورد فرآیندهای داخلی ستارگان و تکامل آن‌ها ارائه می‌دهند.""",science
"    ""لحظاتی قبل، ماهواره تحقیقاتی چمران۱ توسط ماهواره‌بر قائم ۱۰۰ پرتاب و با موفقیت در مدار قرار گرفت."",",science
"    ""رصدخانه بام بهشت به عنوان سومین رصدخانه بزرگ ایران و مرتفع‌ترین رصدخانه کشور در بخش ساردوئیه جیرفت در جنوب کرمان آغاز به کار کرد."",",science
"    ""پس از موفقیت‌های چشمگیر در پرتاب‌های فضایی در دولت سیزدهم، پرسش اصلی این است که نخستین پرتاب فضایی دولت چهاردهم چه ویژگی‌هایی دارد و چه دستاوردهایی را برای کشور به همراه خواهد آورد؟"",",science
"    ""پژوهشگاه فضایی ایران موفق شد با بیش از ۳۰۰۰ نفرساعت تلاش مستمر، به حدود یک‌میلیون نفر کاربر مقطعی و بیش از ۱۰۰۰ نفر کاربر همزمان، با رکورد پرواز ۲۰۰ ساعت در شبانه‌روز در این عملیات پایشی مخابراتی به زائران اربعین حسینی(ع) خدمات ارائه دهد."",",science
"    ""با استفاده از فناوری‌های پیشرفته‌ای که توسط شرکت اسپیس ایکس توسعه یافته است، فضانوردان مأموریت پولاریس داون توانستند به ارتفاعی دست یابند که تاکنون برای انسان میسر نبوده است."",",science
"    ""رویداد \""ماه‌شناخت\"" روز چهارشنبه ۲۱ شهریورماه در آسمان‌نمای بزرگ پارک آب و آتش برگزار می‌شود."",",science
"    ""تلسکوپ فضایی هابل، تصویری خیره‌کننده از کهکشان مارپیچی IC ۴۷۰۹ ارائه کرده است که در فاصله ۲۴۰ میلیون سال نوری از ما قرار دارد. این تصویر، هاله ضعیف و دیسک چرخان کهکشان را به همراه ستارگان و نوارهای غباری آن به زیبایی به نمایش گذاشته است"",",science
"    ""چین با موفقیت ۱۰ ماهواره از صورت فلکی جیلای‌ـ‌۰۳ را به فضا پرتاب کرد. این ماهواره‌ها با استفاده از موشک لانگ مارچ‌ـ‌۶ از پایگاه فضایی تایوان در استان شانشی به فضا پرتاب شدند و با موفقیت در مدار قرار گرفتند."",",science
"    ""در اربعین امسال، پژوهشگاه فضایی ایران توانست رکورد استقرار سامانه بالن مخابراتی در آسمان مرز مهران را ارتقا دهد که در چرخه تست‌های عملیاتی این نوع سامانه‌ها رکورد خوبی محسوب می‌شود."",",science
"    ""چین گروه جدیدی از ماهواره‌های سنجش از دور را از مرکز پرتاب ماهواره Xichang در استان سیچوان در جنوب غربی چین پرتاب کرد."",",science
"    ""منظومه ماهواره‌ای دونما با توانایی ارائه داده‌های بلادرنگ و دقیق از وضعیت‌های بحرانی، امکان پایش و ارزیابی سریع و به موقع حوادث را فراهم می‌آورد. این توانایی به مدیران بحران این امکان را می‌دهد تا به موقع و به‌درستی واکنش‌های لازم را نشان بدهد."",",science
"    ""دانشمندان چینی با توسعه یک مدل هوش مصنوعی قدرتمند، گامی بزرگ در جهت درک بهتر ماه برداشتند. این مدل با شناسایی و طبقه‌بندی دهانه‌های ماه، به محققان امکان می‌دهد تا به پرسش‌های اساسی درباره تاریخچه و تکامل زمین‌شناسی ماه پاسخ دهند."",",science
"    ""سازمان فضایی ایران از عموم مردم دعوت می‌کند تا در یک رویداد نجومی هیجان‌انگیز شرکت کنند. در این رویداد، شما می‌توانید به صورت زنده و مستقیم، سیاره درخشان زهره و هلال ماه را از طریق تلسکوپ‌های رصدخانه خیام تماشا کنید."",",science
"    ""\""جوتیار\"" گامی بلند فناورانه در جهت هوشمندسازی کشاورزی ایران است؛ این سامانه با بهره‌گیری از داده‌های ماهواره‌ای و الگوریتم‌های پیچیده، به کشاورزان کمک می‌کند تا با دقت بیشتری محصولات خود را مدیریت کنند."",",science
"    ""تیم منتخب دانش آموزی ایران با جهشی دو پله‌ای نسبت به دوره قبل عنوان نخست هفدهمین المپیاد جهانی نجوم و اختر فیزیک را از آن خود کرد."",",science
"    ""زائران اربعین حسینی امسال نیز مانند هر سال صفحه درخشان دیگری را در در دقتر عشق به اهل بیت عصمت و طهارت رقم زدند."",",science
"    ""در ارزیابی عملکرد دستگاه های اجرایی کشور در سطوح ملی و استانی، سازمان فضایی ایران جایزه رتبه برتر در موضوع اقدام برجسته و تحول آفرین را کسب کرد."",",science
"    ""دانشمندان با انجام تحقیقات گسترده بر روی نمونه‌های خاک ماه، موفق به کشف روشی نوین برای تولید آب در این قمر شدند."",",science
"    ""باستان‌شناسان مصری در یک کشف شگفت‌انگیز، بزرگترین رصدخانه نجومی جهان را کشف کردند که قدمت آن به قرن ششم قبل از میلاد بازمی‌گردد."",",science
"    ""رئیس سازمان فضایی ایران با اشاره به افزایش سریع در طراحی و ساخت ماهواره‌های بومی گفت: تعداد ماهواره‌های در دست ساخت در ابتدای دولت سیزدهم ۸ ماهواره بوده است که در خرداد سال ۱۴۰۳ به ۳۰ ماهواره رسیده است.""",science
"    ""طبق یافته‌های نهادهای نظارتی در شهر تگزاس آمریکا، شرکت فضاییی \""اسپیس‌ایکس\"" با تخلیه آلاینده‌ها در آب‌ها یا نزدیکی آنها، مقررات زیست‌محیطی را نقض کرده است."",",science
"    ""موشک ماهواره‌بر انگلیسی حین پرتاب از پایگاه فضایی SaxaVord منفجر شد."",",science
"    ""بزرگترین و درخشان‌ترین ماه کامل سال ۱۴۰۳ امشب ۲۹ مرداد طلوع خواهد کرد. ماه‌های آبی هر دو تا سه سال یک بار رخ می‌دهند."",",science
"    ""نسل جدید سکوهای کنترل بالون‌های مخابراتی توسط پژوهشگاه فضایی ایران ساخته شده است. هم اکنون یکی از این بالن‌ها در حال ارائه اینترنت رایگان به زائرین در مرز مهران است."",",science
"    ""وزیر ارتباطات گفت:‌ از مهمترین زیرساخت‌های صنعت فضایی، پایگاه پرتاب ماهواره است. بهره‌برداری از فاز اول پایگاه فضایی «شهید رئیسی» اواخر امسال آغاز و دسترسی به مدارهای مختلف از جمله «خورشیدآهنگ»در این پایگاه فراهم خواهدشد."",",science
"    ""به منظور بهره‌گیری از داده‌های فضایی و نیز کنترل ماهواره‌های ایرانی، در دولت سیزدهم نخستین «مرکز کنترل و عملیات ماهواره‌های سنجش از دور»کشور در مهر۱۴۰۱ در مرکز فضایی ماهدشت افتتاح شد."",",science
"    ""پس از لغو ناگهانی مأموریت ماه‌نورد VIPER توسط ناسا، به نظر می‌رسد که این پروژه به لطف علاقه‌مندی شرکت‌های خصوصی به ویژه Intuitive Machines، به زندگی دوباره بازگردد."",",science
"    ""مریخ‌نورد \""استقامت\"" ناسا وارد مرحله جدیدی از مأموریت خود شده است. این ربات کاوشگر پس از موفقیت در جمع‌آوری نمونه‌هایی از کف دهانه جیزرو و دلتای رودخانه باستانی، اکنون به سمت لبه دهانه حرکت کرده تا به سنگ‌های باستانی‌ترین بخش پوسته مریخ دست یابد."",",science
"    ""محققان یک سیستم هوش مصنوعی برای ریزماهواره‌ها توسعه داده‌اند که می‌تواند آتش‌سوزی جنگل را از طریق پردازش لحظه‌ای تصویر در مدار، ۵۰۰ برابر سریع‌تر تشخیص دهد."",",science
"    ""رئیس سازمان فضایی ایران با اشاره به احکام بسیار متعدد برنامه هفتم توسعه در زمینه پایگاه، آزمایشگاه، زیرساخت و حتی تعداد ماهواره‌هایی که باید در قالب منظومه ساخته شود افزود: احکام قانونی درباره صنعت فضایی بسیار روشن است"",",science
"    ""رئیس سازمان فضایی ایران ضمن قدردانی از تلاش‌های پژوهشکده رانشگر‌ها در توسعه فناوری فضایی به‌ویژه در حوزه ساخت عملگر‌ها و تراستر‌های فضایی و کسب فناوری‌های مربوطه بر لزوم تداوم این فعالیت‌ها و حمایت از آنها در مسیر صنعتی‌سازی و تجاری‌سازی تأکید کرد."",",science
"    ""ناسا با انتشار یک تصویر ماهواره‌ای از سواحل مکران، برخی از چالش‌های محیط زیستی این منطقه را بررسی کرد."",",science
"    ""آمریکا در حال توسعه سامانه‌ای است که موشک‌ها را در مدار متوسط زمین(MEO) ردیابی کند."",",science
"    ""اخترشناسان با استفاده از تلسکوپ هابل، به کشفی شگفت‌انگیز دست یافته‌اند. آنها در مرکز یک کهکشان بیضی‌شکل قدیمی، جمعیتی از ستارگان جوان و داغ را شناسایی کرده‌اند. این کشف، مدل‌های فعلی در مورد تکامل کهکشان‌ها را به چالش می‌کشد."",",science
"    ""موشک فالکون ۹ با محموله سایگنوس به سمت ایستگاه فضایی بین‌المللی پرتاب شد."",",science
"    ""ناسا در مأموریت جدید خود، تعمیرات کاوشگر ترکیب داخلی ستاره نوترونی و یک تلسکوپ اشعه ایکس در ایستگاه فضایی بین‌المللی را انجام خواهد داد."",",science
"    ""نمونه‌ای از خاک ماه که توسط مأموریت چانگ‌ای ۵ چین جمع‌آوری شده بود، در نمایشگاهی در بانکوک به نمایش گذاشته شد و توجه جهانیان را به خود جلب کرد."",",science
"    ""طراحی و ساخت نمونه جرمی \""ماه‌نورد ایرانی\""، ماهگرد و محموله اکتشافی ماه از جمله برنامه‌های توسعه علوم و اکتشافات فضایی ایران در سال جاری است."",",science
"    ""وزیر ارتباطات جزئیاتی جالب از بازدید ۴ ساعته شهید جمهور آیت الله رئیسی از یک مرکز فضایی در تهران بیان کرد."",",science
"    ""مریخ‌نورد Perseverance ناسا در مأموریت خود برای یافتن نشانه‌هایی از حیات در مریخ، به کشفی شگفت‌انگیز دست یافته است.""",science
"    ""اسپیس‌ایکس با موفقیت ۲۳ ماهواره استارلینک را از مرکز فضایی کندی ناسا در فلوریدا به مدار زمین پرتاب کرد. این پرتاب با موشک فالکون ۹ انجام شد و نخستین پرواز اسپیس‌ایکس پس از یک شکست فنی در مأموریت قبلی بود."",",science
"    ""شرکت اسپیس ایکس اعلام کرده است که پس از پرتاب ناموفق اخیر ماهواره‌بر فالکون ۹، این موشک بار دیگر مجوز پرتاب را دریافت کرده است."",",science
"    ""رئیس سازمان فضایی ایران از تعریف دو پروژه جدید کپسول‌های زیستی جدید خبر داد که دو نوع کپسول زیستی با ظرفیت‌های ۱۵۰۰ و ۵۰۰ کیلوگرم طراحی شده‌اند؛ احتمالاً حداقل یکی از کپسول‌ها، به ویژه کپسول ۵۰۰ کیلوگرمی، برای پرتاب در سال آینده آماده شود."",",science
"    ""رییس سازمان فضایی ایران از نخستین پرتاب ماهواره از پایگاه فضایی چابهار در سال ۱۴۰۳ خبر داد و گفت: ایران امسال بین ۶ تا ۸ پرتاب ماهوا‌ره‌ای خواهد داشت."",",science
"    ""در بحبوحه رقابت شدید شوروی سابق و آمریکا در صنعت فضایی، آمریکایی‌ها موفق شدند اطلاعات مربوط به نخستین ماه‌نورد روسیه را بدزند!"",",science
"    ""وزیر ارتباطات گفت: احتمالاً در مردادماه سیزدهمین پرتاب ماهواره در دولت سیزدهم را خواهیم داشت که یک رکورد محسوب می‌شود و یکی از عملیات‌های پیچیده فضایی خواهد بود."",",science
"    ""وزیر ارتباطات و فناوری اطلاعات در صفحه شخصی خود نوشت: فناوری تزریق موفق ماهواره‌های سبک در لایه لئو برای نخستین بار در دولت سیزدهم با پرتاب‌های متعدد تثبیت شد."",",science
"    ""تلسکوپ فضایی جیمز وب ناسا در یک کشف شگفت‌انگیز، دمای جهنمی ۱۴۵۰ درجه‌ای را در عصر یک سیاره فراخورشیدی به نام WASP-۳۹ b رصد کرد."",",science
"    ""چین روز جمعه با موفقیت یک ماهواره جدید رصد زمین به نام Gaofen-۱۱ ۰۵ را به فضا پرتاب کرد."",",science
"    ""ناسا در حال آماده شدن برای پرتاب موشک قدرتمند سیستم پرتاب فضایی (SLS) در سال آینده به عنوان بخشی از مأموریت آرتمیس ۲ است. این مأموریت نقطه عطفی در برنامه آرتمیس ناسا برای بازگشت پایدار انسان به ماه و فراتر از آن خواهد بود."",",science
"    ""یک سیاره غول پیکر در حال چرخش به دور ستاره‌ای در ۱۱۰۰ سال نوری دورتر، توجه دانشمندان را به خود جلب کرده است. این سیاره که به نام TIC ۲۴۱۲۴۹۵۳۰ b شناخته می‌شود، چند برابر مشتری ما است و در جهت مخالف ستاره خود می‌چرخد."",",science
"    ""موشک ماهواره‌بر فالکون۹ دچار نقص فنی شد و ماهواره‌های استارلینک را در مداری رها کرد که محکوم به سقوط به جو زمین و سوختن هستند."",",science
"    ""موتور مرحله دوم موشک فالکون ۹ شرکت اسپیس‌اکس دچار نقص شد که احتمالاً منجر به از دست رفتن تعدادی از ماهواره‌های استارلینک و ایجاد پیامدهایی در صنعت فضایی خواهد شد."",",science
"    ""پرتاب موشک ماهواره‌بر چینی متعلق به شرکت iSpace شکست خورد."",",science
"    ""موشک آریان ۶ ساخت آژانس فضایی اروپا به همراه چندین کیوبست به فضا پرتاب شد."",",science
"    ""رئیس سازمان فضایی ایران در همایش باتری‌های لیتیومی گفت: طی هفته‌های آینده آماده پرتاب چند ماهواره خواهیم بود."",",science
"    ""بیش از ۲۵۰۰ قطعه سخت‌افزاری (بدنه‌های راکت و محموله‌های غیرعملیاتی رها شده) در مدار لئو وجود دارد که ممکن است برای ماهواره‌های این مدار خطرساز شوند."",",science
"    ""شرکت ایبرباس بر اساس قراردادی به ارزش ۲.۵ میلیارد دلار برای ارتش آلمان ماهواره نظامی می‌سازد."",",science
"    ""رئیس سازمان فضایی ایران گفت: همزمان با ماهواره کوثر، ماهواره تحقیقاتی ـ ارتباطی هدهد نیز به فضا پرتاب خواهد شد. تاریخ دقیق پرتاب این دو ماهواره به زودی اعلام می‌شود."",",science
"    ""جمعی از اعضای هیئت علمی دانشگاه‌ها و پژوهشگاه‌های کشور در حوزه علوم و فناوری هوافضا طی بیانیه‌ای حمایت خود را از سعید جلیلی نامزد چهاردهمین دوره انتخابات ریاست جمهوری اعلام کردند.""",science
"    ""جمعی از اعضای هیئت علمی دانشگاه‌ها و پژوهشگاه‌های کشور در حوزه علوم و فناوری هوافضا طی بیانیه‌ای حمایت خود را از سعید جلیلی نامزد چهاردهمین دوره انتخابات ریاست جمهوری اعلام کردند."",",science
"    ""رییس یک شرکت خصوصی فضایی معتقد است که اروپا باید نحوه اختصاص سرمایه به صنعت فضایی را بهبود بخشد تا از کشورهای همچون آمریکا و چین عقب نیفتد."",",science
"    ""سازمان فضایی ژاپن ماهواره پیشرفته تصویربرداری زمین را با موشک جدید H۳ به فضا فرستاد."",",science
"    ""سازمان هواشناسی اروپا موشک ماهواره‌بر ماهواره‌های هواشناسی خود را از موشک اروپایی آریان ۶ به فالکون ۹ آمریکایی تغییر داد."",",science
"    ""وزیر ارتباطات گفت: سال گذشته بزرگ‌ترین قرارداد تاریخ فضایی کشور با بخش خصوصی را بستیم و امیدواریم که امسال اولین ماهواره از منظومه ماهواره‌ای شهید سلیمانی را که حاوی ۱۶ الی ۲۰ ماهواره مخابراتی با کاربرد اینترنت اشیا است، پرتاب کنیم."",",science
"    ""بنابر ادعای یک آژانس فضایی آمریکایی، به نظر می‌رسد که یک ماهواره روسی به نام لوچ ۲ در حال نزدیک شدن به ماهواره برخی کشورها در فضا است."",",science
"    ""آمریکا یک ماهواره هواشناسی جدید را توسط موشک فالکون هوی شرکت اسپیس‌اکس به فضا پرتاب کرد."",",science
"    ""چین و فرانسه در راستای اهداف مشترک خود در اکتشاف فضا، ماهواره‌ای که به طور مشترک توسط این دو کشور توسعه پیدا کرده بود را به فضا فرستادند."",",science
"    ""ناسا در ماموریت جدید خود برای پرتاب هشت کیوبست به فضا آماده می‌شود."",",science
"    ""وزیر ارتباطات گفت: در کمتر از دو سال و نیم گذشته، ۱۲ ماهواره با موفقیت به فضا پرتاب شده است و دو پرتاب دیگر نیز تا پایان دولت برنامه‌ریزی شده است تا رکوردی جدید در تاریخ فضایی ایران به ثبت برسد."",",science
"    ""یک شرکت دانش‌بنیان موفق به تولید گیرنده‌های نقشه‌برداری ماهواره‌ای با دقت سانتی‌متری شده که مورد توجه فعالان صنعت نقشه‌برداری در داخل و خارج کشور قرار گرفته است."",",science
"    ""دانشمندان به‌زودی تصاویر سه‌بعدی بی‌نظیری از مغناطیس‌کره زمین، سپر محافظتی سیاره ما در برابر تابش مضر خورشیدی دریافت خواهند کرد. این تصاویر توسط ماموریت فضایی SMILE، ابتکاری مشترک بین چین و اروپا، که در سال جاری به فضا پرتاب خواهد شد، ثبت خواهد شد."",",science
"    ""کم‌هزینه‌ترین و مؤثرترین راه برای شناسایی مناطق مستعد بیابان‌زایی و ایجاد راهکارهایی جهت پیشگیری و کاهش سرعت آن در ایران، استفاده از فناوری سنجش از دور و داده‌های ماهواره‌ای است."",",science
"    ""مدیرعامل یک شرکت فناور گفت: این شرکت با جمع‌آوری آیات قرآن کریم که به پدیده‌های نجومی اشاره دارند، اقدام به تدوین کتابی با عنوان \""قرآن نجوم کائنات\"" کرده است. این کتاب شامل ۵۲۹ آیه قرآن کریم است."",",science
"    ""صد و بیست و هشتمین برنامه ماه شناخت در مرکز آسمان نمای گنبد مینا به رصد ماه شب دهم قمری اختصاص دارد."",",science
"    ""پرتاب فالکون ۹ با ۲۲ ماهواره استارلینک با مشکل مواجه شد؛ اسپیس‌ایکس در حال بررسی علت و تعیین زمان جدید پرتاب است."",",science
"    ""وزیر ارتباطات گفت: سومین جلسه شورای عالی فضایی برگزار شد و تصمیمات مهمی برای تداوم توسعه صنعت فضایی و حمایت از متخصصین و نخبگان کشور در این حوزه گرفته شد. در هفته‌های آتی شاهد سیزدهمین پرتاب دولت سیزدهم هم خواهیم بود."",",science
"    ""سرپرست ریاست جمهوری صنعت فضایی و فناوری‌های نوین را از جمله پیشران‌های اقتصادی و مولفه‌های قدرت و اقتدار کشور دانست و با بیان اینکه بومی‌سازی و بهره‌گیری از ظرفیت جوانان و نخبگان از مزیت‌های این بخش است."",",science
"    ""سومین جلسه شورای عالی فضایی با حضور محمد مخبر؛ سرپرست ریاست جمهوری امروز برگزار شد."",",science
"    ""رئیس سازمان فضایی ایران گفت: دو پرتاب فضایی در آینده نزدیک انجام خواهد شد که پرتاب اول حامل یک نمونه ماهواره تحقیقاتی و پرتاب دوم بلوک انتقال مداری است و تست مداری آن در این پرتاب انجام می‌شود؛ این پرتاب‌ها طی دو ماه آینده انجام خواهند شد.""",science
"    ""ماهواره‌های کوثر و هدهد که از ماهواره های بخش خصوصی دانش‌بنیان هستند قرار است در پاییز امسال با پرتابگر روسیه پرتاب شوند."",",science
"    ""رئیس سازمان فضایی ایران گفت: حوزه فضایی یک حوزه پرریسک و تحریمی است و با هر پرتاب صدای مخالفان ایران درمی‌آید."",",science
"    ""وزیر ارتباطات گفت: در دولت قبل ماهواره \""شریف ست\"" که به ماهواره دوستی تغییر نام پیدا کرد، در حالی که بر روی ماهواره‌بر آماده پرتاب بود، دستور توقف پرتاب آن صادر شد."",",science
"    ""کشور چین فراخوانی در حوزه حمایت از کشورهای توسعه‌یافته برای فرود محموله این کشورها بر روی کره ماه ارایه داد که ایران در این فراخوان رتبه اول را کسب کرد و به این ترتیب، محموله ماه‌نورد ایرانی با کمک چین به ماه می‌رود."",",science
"    ""رئیس سازمان فضایی ایران از پرتاب ماهواره طلوع ۳ و ماهواره ناهید ۲ تا چند ماه آینده خبر داد. وی اعلام کرد که بلوک انتقال مداری و نخستین پرتاب تحقیقاتی منظومه شهید سلیمانی در سال ۱۴۰۳ انجام خواهد شد."",",science
"    ""\""استارشیپ\"" بزرگترین و قدرتمندترین موشک جهان با موفقیت به فضا پرتاب شد. این پرتاب موفقیت‌آمیز، نقطه عطفی در تاریخ اکتشافات فضایی محسوب می‌شود و راه را برای انجام ماموریت‌های فضایی بلندپروازانه‌تر، مانند سفر به ماه و مریخ، هموار می‌کند."",",science
"    ""شرکت بوئینگ بالاخره پس از سال‌ها تاخیر، نخستین مأموریت فضایی سرنشین‌دار خود را با کپسول استارلینر به ایستگاه فضایی بین‌المللی (ISS) فرستاد و به دومین تاکسی فضایی ناسا پس از اسپیس‌ایکس تبدیل شد."",",science
"    ""وزیر ارتباطات با بیان اینکه بزرگ‌ترین پایگاه فضایی غرب آسیا ‌در چابهار در حال ساخت است، گفت: فاز نخست این پایگاه با ۵۶درصد پیشرفت فیزیکی با کا‌ر شبانه‌روزی در حال تکمیل است و تا حداکثر دهه فجر به بهره‌برداری می‌رسد."",",science
"    ""تلسکوپ فضایی هابل علی‌رغم از دست دادن یکی از ژیروسکوپ‌هایش، با اتکا به یک چشم باقی‌مانده، به رصد شگفتی‌های کیهان ادامه خواهد داد."",",science
"    ""کاوشگر چینی Chang'e-۶ تصاویری خیره‌کننده از سطح ماه را به زمین ارسال کرد که این تصاویر، مناظر بکر و ناشناخته‌ای از سمت دور ماه را به نمایش می‌گذارند. دانشمندان امیدوارند با بررسی این تصاویر، اطلاعات جدیدی از تاریخچه و ترکیب کره ماه به دست آورند."",",science
"    ""بیش از ۳۰۰ دانشجو از سراسر ایران در مسابقات دانشجویی کیوست (Qsat) در حوزه ساخت ماهواره به رقابت پرداختند. هدف این مسابقات ساخت ۳ نمونه ماهواره کیوب‌ست با کارکردهای متفاوت است؛ سازمان فضایی ایران نیز از این طرح حمایت می‌کند."",",science
"    ""دولت سیزدهم در حوزه فضایی اقدامات قابل توجهی انجام داده که از جمله آن تصویب سند ۱۰ ساله فضایی کشور، ۱۲ پرتاب فضایی موفق، دستیابی به مدار ۷۵۰ کیلومتری، کپسول زیستی و ساخت پایگاه فضایی چابهار است."",",science
"    ""دانشمندان فهرست جدیدی از سیارات فراخورشیدی را منتشر کرده‌اند که شامل بیش از ۱۰۰ سیاره فراخورشیدی است که در خارج از منظومه شمسی ما وجود دارند. این فهرست با استفاده از داده‌های تلسکوپ فضایی TESS ناسا و رصدخانه W. M. Keck ایجاد شده است."",",science
"    ""رئیس سازمان فضایی ایران گفت: راه‌اندازی پروژه کارخانه نوآوری اصفهان هوشمند باعث تسهیل و تسریع فعالیت‌های شرکت‌های دانش بنیان خواهد شد و لازم است با سرعت بیشتری به مرحله اجرایی در بیاید."",",science
"    ""کاوشگر بدون سرنشین چانگ‌ای ۶ چین امروز صبح در یک مأموریت تاریخی برای جمع‌آوری نمونه‌هایی از خاک و سنگ از سمت دور ماه که تاکنون کاوش نشده بود، با موفقیت در سمت دور ماه فرود آمد."",",science
"    ""ماهواره ظفر۲ به عنوان یک ماهواره دانشگاهی و یکی از پروژه‌های مهم فضایی ایران قرار است در سال جاری به فضا پرتاب شود؛ ماهواره ظفر ۲ یک ماهواره سنجشی با قابلیت‌های متفاوت، طراحی و ساخته شده است."",",science
"    ""تلسکوپ فضایی اقلیدس، که توسط آژانس فضایی اروپا (ESA) ساخته شده و با موفقیت به فضا پرتاب شده مأموریتی ۶ ساله را برای رصد بیش از یک میلیارد کهکشان و نقشه‌برداری از جهان در مقیاسی بی‌سابقه آغاز کرده است."",",science
"    ""شرکت فضایی کهکشان انرژی چین با موفقیت چهار ماهواره جدید را به مدار زمین فرستاد و گامی دیگر به سوی اینترنت اشیای فراگیر برداشت. این ماهواره‌ها بخشی از صورت فلکی تیانچی هستند که خدمات اینترنتی را به سراسر جهان ارائه خواهد کرد."",",science
"    ""مشاهدات جدید با تلسکوپ فضایی جیمز وب، دورترین سیاه‌چاله‌های درحال ادغام را نشان می‌دهد. این کشف نظریه‌های پیشرو در کیهان‌شناسی را به چالش می‌کشد."",",science
"    ""اسپیس ایکس روز پنجم ژوئن(۱۶ خرداد) را برای انجام چهارمین پرواز آزمایشی موشک بزرگ استارشیپ هدف قرار داده است. با این حال، این شرکت هنوز نیاز به دریافت تأییدیه نظارتی دارد.""",science
"    ""ماهواره سنگین‌وزن طلوع۳ یک ماهواره سنجشی‌ است که مراحل ساخت آن به پایان رسیده است؛ این ماهواره قابلیت ارسال تصاویری با دقت ۵ متر (تک‌طیفی) و ۱۰ متر (رنگی) را دارد همچنین امکان الحاق \""رادار دهانه مصنوعی\"" (سار) به‌روی ماهواره طلوع۳ وجود دارد."",",science
"    ""تصاویر خیره‌کننده تلسکوپ فضایی اقلیدس که توسط آژانس فضایی اروپا (ESA) اداره می‌شود، دریچه‌ای نو به سوی جهان اولیه گشوده است! این تصاویر خوشه‌ای عظیم از بیش از ۱۵۰۰ میلیارد ستاره تنها را در فاصله ۲۴۰ میلیون سال نوری نشان می‌دهد."",",science
"    ""مدار زمین مملو از ۱۶۰ میلیون قطعه زباله فضایی است که خطری برای ماهواره‌ها و فضانوردان محسوب می‌شود! ناسا راهکارهایی برای معضل ارائه داده است."",",science
"    ""دانشمندان سیاره جدیدی به نام Gliese ۱۲ b را کشف کرده‌اند که از نظر اندازه مابین زمین و زهره است؛ این سیاره در فاصله ۴۰ سال نوری از زمین قرار دارد؛ این سیاره ممکن است همچنان قابل سکونت باشد!"",",science
"    ""ماهواره پکن-۳C چین نخستین تصویر خود را با موفقیت از زمین ثبت کرد؛ کیفیت تصویر به طور قابل توجهی بالا و با وضوح فضایی ۰.۵ متر است که این امر به لطف سنسورهای پیشرفته ماهواره حاصل شده است."",",science
"    ""چین روز گذشته با موفقیت ۴ ماهواره از صورت فلکی ماهواره پکن-۳C را با استفاده از موشک Long March-۲D به مدار زمین فرستاد. ماهواره‌های پکن-۳C برای ارائه خدمات نقشه‌برداری، ناوبری و زمان‌سنجی به زمین طراحی شده‌اند."",",science
"    ""تلسکوپ فضایی هابل ناسا تصاویری خیره‌کننده از یک سیستم ستاره‌ای جوان به نام HP Tau ثبت کرده است. این سیستم شامل سه ستاره است که HP Tau جوان‌ترین آنهاست. HP Tau شبیه به خورشید ما است اما کوچکتر و متغیر است."",",science
"    ""رویداد \""شبی با ستارگان\"" به مناسبت هفته جهانی نجوم، با هدف ترویج علم و به همت جشنواره اندیشمندان و دانشمندان جوان در سطح شهر تهران و با حضور کارشناسان و ابزارهای مرتبط با ترویج علم برگزار شد."",",science
"    ""مشاور عالی فرمانده هوافضای سپاه پاسداران گفت: ما به قله‌های فناوری‌های فضایی هم خواهیم رسید و این امر با تلاش و پیگیری جوانان‌مان به نتیجه نهایی می‌رسد."",",science
"    ""فرمانده فضایی نیروی هوافضای سپاه پاسداران با اشاره به ویژگی‌های ماهواره‌بر قائم۱۰۵ گفت: آخر امسال و یا اوایل سال آینده پرتاب این ماهواره‌بر ۴مرحله‌ای انجام می‌شود."",",science
"    ""یک استارتاپ فضایی در حال توسعه انبارهای فضایی مبتنی بر کپسول‌های قابل استفاده مجدد است که می‌تواند تحول بزرگی در لجستیک نظامی ایجاد کند. این کپسول‌ها قادر به ذخیره‌سازی محموله در مدار زمین و تحویل سریع آن به هر نقطه از جهان در عرض یک ساعت هستند."",",science
"    ""دبیرستاد توسعه حمل و نقل معاونت علمی گفت: معاونت علمی و فناوری ریاست جمهوری به عنوان متولی امر فناوری در کشور در تلاش است تا با اتخاذ رویکردی حمایتی، در کنار نهادهای رگولاتوری و سازمان‌های بهره‌بردار قرار گیرد و زمینه‌ساز پیشرفت این صنعت راهبردی شود."",",science
"    ""رئیس سازمان فضایی ایران با اشاره به توانمندی بخش خصوصی در اجرای پروژه‌های بزرگ گفت: در یک سال و سه ماه گذشته حدود هزار میلیارد تومان قراردادهای فضایی با بخش خصوصی منعقد شده است."",",science
"    ""دانشگاه صنعتی شریف میزبان رویداد ملی فضایی بود. این رویداد با هدف آماده‌سازی دانشجویان برای حضور در مدرسه تابستانی فضایی روسیه برگزار شد."",",science
"    ""سایت سازمان فضایی ایران نزدیک به چند هفته است که از دسترس خارج شده و قابل مشاهده نیست، دلیل این قطعی هنوز مشخص نشده است."",",science
"    ""تلسکوپ فضایی جیمز وب شگفتی دیگری را در دنیای ستاره‌شناسی رقم زده است. این تلسکوپ اخیراً جو در سیاره فراخورشیدی ۵۵ Cancri e را کشف کرده است. با این حال، این سیاره به هیچ وجه مکانی برای سکونت نیست، چرا که دمای سطح آن به ۲۰۰۰ درجه سانتیگراد می‌رسد!"",",science
"    ""اخترشناسان با استفاده از تلسکوپ FAST چین، انبوهی از کهکشان‌های دوردست و غنی از گاز را کشف کرده‌اند. بررسی جدید FAST تاکنون بیش از ۱۰۰ کهکشان جدید را در فواصل تا ۵ میلیارد سال نوری کشف کرده است که انتظار می‌رود تعداد نهایی به بیش از ۱۰۰۰ برسد."",",science
"    ""تفاهم نامه همکاری‌ مشترک بین پژوهشگاه فضایی ایران و قرارگاه جهادی وزارت کشور در خصوص ارائه خدمات فضاپایه به امضا رسید."",",science
"    ""رصدخانه مراغه یکی از یادگارهای علمی و فلکی خواجه نصیرالدین طوسی؛ فیلسوف، ریاضیدان و منجم بزرگ دوره ایلخانی و صاحب رساله مشهور اخلاق ناصری و زیج معروف ایلخانی است که به دست وی، با همراهی عده‌ای از دانشمندان بنا شده است."",",science
"    ""رئیس سازمان فضایی ایران از توسعه ایستگاه‌های زمینی به‌عنوان یکی از برنامه‌های جدی سازمان فضایی ایران خبر داد که این ایستگاه‌ها برای استفاده از ظرفیت فضا و ماهواره‌ها ضروری هستند.""",science
"    ""\""پروانه‌‌های مقاومت در شهر زندگی\"" به عنوان شعار جشنواره کودک و نوجوان اعلام شد."",",arts
"    ""فیلم‌های «تابستان همان سال» و «دختر برقی» به کارگردانی محمود کلاری و حسین قناعت به جشنواره فیلم‌های کودکان و نوجوانان راه یافتند."",",arts
"    ""در آستانه برگزاری چهل و یکمین جشنواره بین‌المللی فیلم کوتاه تهران؛ پردیس سینمایی ملت به عنوان محل برگزاری این رویداد معرفی شد."",",arts
"    ""اسامی فیلم‌های بلند داستانی راه‌یافته به جشنواره بین‌المللی فیلم‌های کودکان و نوجوانان اعلام شد."",",arts
"    ""معقولی کارگردان تئاتر می‌گوید:‌ من به جای تمرکز بر بازار جهانی و سلبریتی‌ها، بر اهمیت متن و مفهوم عمیق داستان تأکید دارم تا تئاتر را به یک تجربه هنری واقعی تبدیل کنم."",",arts
"    ""انجمن صنفی کارگردانان سینمای مستند کف دستمزد سال ۱۴۰۳ را برای مستندسازان اعلام کرد."",",arts
"    ""برخی از اهالی فرهنگ و هنر در دقایق اولیه حمله موشکی ایران به اراضی اشغالی فلسطین حمایت خود را از این اقدام کشورمان اعلام کردند."",",arts
"    ""نمایش عروسکی «همه بگید سیب» به نویسندگی و کارگردانی شراره طیار همزمان با «هفته ملی کودک» در شهرضای اصفهان به روی صحنه می‌رود."",",arts
"    ""سینماهای سراسر کشور بعد از چند روز تعطیلی به خاطر شهادت سیدحسن نصرالله و عزای عمومی، از فردا فعالیت خود را آغاز خواهند کرد."",",arts
"    ""انتشارات سوره مهر دو عنوان کتاب تازه در قالب نمایشنامه از محمدرضا آریان‌فر و هادی حوری را به تازگی منتشر و روانه کتابفروشی‌های سراسر کشور کرد."",",arts
"    ""مدیران چهار بخش بیست و نهمین جشنواره بین المللی تئاتر کودک و نوجوان از سوی امیرمشهدی عباس دبیر این دوره منصوب شدند."",",arts
"    ""۱۷۶ فیلم بلند و کوتاه داستانی از ۴۸ کشور، متقاضی حضور در سی و ششمین دوره جشنواره بین المللی فیلمهای کودکان و نوجوانان ایران هستند."",",arts
"    ""اریک اشپیتزر مارلین صدابردار، موزیسین و مستندساز اتریشی که در دوازدهمین جشنواره بین‌المللی فیلم مستند ایران «سینماحقیقت» دو کارگاه برگزار کرد، در پیامی به تیم برگزاری هجدهمین جشنواره «سینماحقیقت»، این رویداد را راهی برای دست‌یابی به صلح و دوستی دانست"",",arts
"    ""سعید یزدانی از رزمندگان دفاع مقدس در مراسم تجلیل از هنرمندان این عرصه گفت: درباره دفاع مقدس اگر روایت‌های مرتضی آوینی و یاران او در روایت فتح نبود کسی متوجه عظمت رزمندگان ما در دفاع مقدس نمی‌شد."",",arts
"    ""دبیرنوزدهمین جشنواره بین المللی تئاتر مقاومت برای شهادت سیدحسن نصرالله دبیرکل حزب الله لبنان دل نوشته‌ای را منتشر کرد."",",arts
"    ""شماری از هنرمندان با انتشار پیام‌هایی در فضای مجازی شهادت سیدحسن نصرالله دبیرکل حزب الله لبنان و سید مقاومت و آزادی را تسلیت گفتند و با مردم لبنان ابراز همدردی کردند."",",arts
"    ""دبیرخانه جشن «مهر سینمای ایران» با تسلیت شهادت سیدحسن نصرالله اعلام کرد که برگزاری برنامه‌های استانی و آیین پایانی این جشن در تهران به تعویق می افتد."",",arts
"    ""در پی شهادت سیدحسن نصرالله دبیرکل حزب‌الله لبنان فعالیت سینماهای سراسر کشور، اجرای نمایش‌های تئاتر و موسیقی تا اطلاع ثانوی تعطیل شد."",",arts
"    ""کارگردان شناخته شده سینما و تلویزیون در پی شهادت سیدحسن نصرالله دبیرکل حزب‌الله لبنان دلنوشته‌ای را منتشر کرد."",",arts
"    ""بررسی آماری فروش فیلم‌ها و سینماهای کشور در نیمه اول سال ۱۴۰۳ از فروش ۹۱۲ میلیاردی خبر می‌دهد.""",arts
"    ""فیلم‌های کوتاه پویانمایی راه‌یافته به چهل و یکمین جشنواره بین‌المللی فیلم کوتاه تهران به انتخاب فرنوش عابدی، فاطمه گودرزی و بهنود نکوئی معرفی شدند."",",arts
"    ""مصطفی دالایی از فیلمسازان روایت فتح، ماجرای حضور شهید سیدمرتضی آوینی در جبهه در سال ۱۳۶۵ و لحظه شهادت رضا مرادی نسب را روایت کرد."",",arts
"    ""۲۳۱۴ مستند خارجی از ۱۲۳ کشور خواستار حضور در هجدهمین جشنواره بین‌المللی فیلم مستند ایران «سینماحقیقت» شدند."",",arts
"    ""محمدمهدی خالقی از ساخت مجموعه مستند \""ابر سازه‌های ایران\"" خبر داد و گفت: در هر قسمت، یکی از سازه‌های بزرگ و پیچیده ایران را معرفی می‌کنیم و با شیوه طراحی، ساخت و بهره برداری و مهندسان و کارگران مؤثر در آن آشنا می‌شویم."",",arts
"    ""بیستمین قسمت از برنامه «هفت»، امشب ۶ مهرماه، با بررسی فیلم «مفت بر» و « Longlegs» از ساعت ۲۲ در شبکه نمایش پخش می‌شود."",",arts
"    ""«غریزه» آخرین ساخته سیاوش اسعدی در نیمه دوم سال روی پرده سینماهای سراسر کشور خواهد رفت."",",arts
"    ""همزمان با هفته دفاع مقدس، مستند «چلیپا و هلال» جدیدترین اثر گروه مستند روایت فتح رونمایی شد."",",arts
"    ""امیررضا چهارراهی مستندساز می‌گوید: هر چه قدر لوکیشن مستند دورتر از مرکز و پایتخت باشد، خروجی آن فیلم جذاب‌تر خواهد شد چرا که تصاویر و اماکن جدیدتر و بکرتری را به مخاطبان نشان می‌دهد."",",arts
"    ""موزه سینما در ادامه انتشار سلسله برنامه‌های تاریخ شفاهی خود به مناسبت زادروز « حسن رضایی» بازیگر پیشکسوت سینما بخش‌هایی از گفتگوی این هنرمند را منتشر کرده است که در زیر می‌خوانید."",",arts
"    ""فیلم «زخم سکوت» به کارگردانی کامران حسین‌زاده با حضور شکرخدا گودرزی وارد مرحله پیش تولید شد."",",arts
"    ""نمایش لکچر پرفورمنس (خطابه‌اجرای) فاطمه(س) کاری از گروه هنر مقدس در عراق روی صحنه می‌رود."",",arts
"    ""فیلم‌های کوتاه داستانی راه‌یافته به بخش مسابقه ملی چهل و یکمین جشنواره بین‌المللی فیلم‌کوتاه تهران به انتخاب مسعود مددی، نوا رضوانی، دانش اقباشاوی، علیرضا معتمدی، حسین دوماری، مرتضی علیزاده و محمدرضا کردلو معرفی شدند."",",arts
"    ""دانیال جعفری بازیگر فیلم سینمایی باغ کیانوش، از هیجان بازی در نخستین کار خود با بهرنگ توفیقی یعنی بی‌همگان پس از بوتیمار می‌گوید که او را وارد دنیای بازیگری کرد."",",arts
"    ""دبیر شورای هماهنگی پاسداشت زبان فارسی از ارسال نامه اعتراضی این شورا به ساترا برای بی‌توجهی دو سریال «بازنده» و «گردن‌زنی» به زبان فارسی خبر داد."",",arts
"    ""کتاب «پیرمرد عاشق» که از سوی نشر معارف منتشر شده است، شرحی است از حدیث عنوان بصری که در آن امام صادق(ع) «برنامه‌ای برای خودسازی» را شرح می‌دهند."",",arts
"    ""سانحه تلخ انفجار و ریزش در معدن طبس ده‌ها تن را به کام مرگ کشاند؛ کارگران سخت‌کوش کم‌اجرتی که با حقوق ناچیز، در محیط‌های این‌چنین کار می‌کنند. مسئولان این روزها به طبس می‌روند؛ امّا آیا فقط باید با بانگ انفجار صدای کارگران معدن به ما برسد؟"",",arts
"    ""مدیر گروه مستند روایت فتح ضمن تشریح تمامی تولیدات اخیر این مرکز گفت: خودمان را به دفاع مقدس و جنگ محدود نکردیم؛ هر جایی که انقلاب اسلامی یک فتحی را رقم زده، خود را موظف دانستیم که راوی آن فتح باشیم."",",arts
"    ""جلال غفاری قدیر با حکم رئیس بنیاد فرهنگی روایت فتح ، دبیر هجدهمین جشنواره بین المللی فیلم مقاومت شد."",",arts
"    ""مدیرکل هنرهای نمایشی و دبیرجشنواره بین المللی تئاتر کودک و نوجوان طی روزهای گذشته با حضور در شهرهمدان ضمن دیدار با مسئولان این شهر در جریان اقدامات انجام گرفته برای برگزار شدن این رویداد قرار گرفتند."",",arts
"    ""آثار راه‌یافته به بخش تجربی چهل‌ویکمین جشنواره بین‌المللی فیلم کوتاه تهران به‌انتخاب آرش رصافی، روناک رنجی و مجید شیخ‌انصاری؛ اعضای هیئت انتخاب و داوری این بخش از رویداد معرفی شدند.""",arts
"    ""از ابتدای هفته دفاع مقدس با همکاری دبیرخانه بیست و نهمین جشنواره تئاتر استان تهران تاکنون ۲۶ اجرا از ۱۰ نمایش در مکان‌های عمومی شهرستان‌های استان تهران برگزار شده و ۳۴ اجرای دیگر نیز از سوم تا پنجم مهر هرشب ساعت ۱۸ برگزار خواهد شد."",",arts
"    ""حکایت عجیبی است که مستند پگاه آهنگرانی ما را به یاد فیلمهای تخیلی می‌اندازد و اگر مخاطب هیچ شناختی از حقیقت دفاع مقدس نداشته باشد می‌توان این مستند را به‌عنوان یک فیلم تخیلی البته ضعیف اکران کرد."",",arts
"    ""سردار معروفی با اشاره به اهمیت توجه به هنرمندان گفت: چرا از سال ۱۴۰۱ تعدادی از هنرمندان، اصحاب رسانه و ورزشکاران لغزیدند؟ به این دلیل که آنها را رها کردیم. ما در بسیج هنرمندان نباید اجازه بدهیم چنین اتفاقاتی رخ بدهد."",",arts
"    ""فرمانده سپاه ‌مازندران با تکذیب آتش‌‌افز‌وزی‌ گروه فیلمبرداری در جنگل هیرکانی مازندران گفت: ‌برخی معاندین در این ماجرا به دنبال حاشیه‌سازی برای گروه فیلمبرداری ‌بود‌ند."",",arts
"    ""نمایش شاد و موزیکال «لباس جدید پادشاه» به نویسندگی و کارگردانی «سپیده زینلی» در سالن خزر برای کودکان روی صحنه می‌رود."",",arts
"    ""نمایش فقط خودم به کارگردانی محمد جهانپا اجرایش را در تماشاخانه مهر حوزه هنری تهران با حضور گسترده کودکان و نوجوانان پایتخت آغاز کرد."",",arts
"    ""هیئت ارزیابی متون بخش «سردار آسمانی» نوزدهمین جشنواره بین المللی تئاتر مقاومت اسامی نمایشنامه های راه یافته به مرحله بازبینی این بخش را اعلام کردند."",",arts
"    ""مدیرعامل موسسه آفرینش‌های هنری آستان قدس رضوی با بیان اینکه بخش عمده‌ای از این آستان مقدس با هنر درهم تنیده شده است، گفت: در آستان قدس رضوی هنر یک امر تزئینی نیست، بلکه مفاهیم را منتقل کرده و مسئله زیارت و شناخت و معرفت امام را تسهیل می‌کند."",",arts
"    ""فروش سینماهای کشور در شهریورماه به بیش از ۱۳۳ میلیارد تومان رسید."",",arts
"    ""کارگردان فیلم سینمایی ملاقات با جادوگر با بیان اینکه برخی از صحنه های این اثر به دلیل تاخیر در اکران در استنداپ کمدی ها خرج شد گفت: متاسفانه عده ای از فیلمسازان به فیلم طنز بازاری نگاه می کنند."",",arts
"    ""مرتضی شعبانی مستندساز و نویسنده کتاب \""روایت آخر\"" گفت: سؤالات زیادی درباره شهید آوینی وجود داشت و احساس می‌کردم که باید تک تک آنها را پاسخ بدهم."",",arts
"    ""فیلم سینمایی «در آغوش درخت» از میان سه نامزد نهایی، با اکثریت آرا به عنوان نماینده سینمای ایران به آکادمی اسکار ۲۰۲۵ معرفی شد."",",arts
"    ""حضرت محمد(ص) از جمله پیامبران الهی و محور وحدت‌اند که شخصیت جذاب و زندگی پر فراز و نشیب‌شان سبب شده سینماگران مختلف جهان در چند بزنگاه به مرور زندگی و زمانه آن حضرت بپردازند."",",arts
"    ""نوزدهمین جشنواره ملی هنرهای نمایشی کودکان و نوجوانان روز گذشته، ۳۰ شهریورماه، در کانون پرورش فکری کودکان و نوجوانان به کار خود پایان داد."",",arts
"    ""سریال \""در انتهای شب\"" تعریفی از طبقه متوسط ارائه می‌­دهد که او را در نسبت با امر اخلاقی بی­ قید و یا در موقعیت عدم حساسیت قرار می­‌دهد. دوربین آن روایت بی‌­طرفانه را به ارزش­‌گذاری­‌های اخلاقی مقدم می­‌داند!"",",arts
"    ""همزمان با آیین پایانی هشتمین المپیاد فیلمسازی نوجوانان ایران، پوستر سی و ششمین جشنواره بین‌المللی فیلم‌های کودکان و نوجوانان رونمایی شد."",",arts
"    ""مرتضی شعبانی مستندساز و از دوستان نزدیک شهید سیدمرتضی آوینی مهمان برنامه تلویزیونی نردبان شده و خاطرات خود با او را در قالب کتاب «روایت آخر» مرور می‌کند."",",arts
"    ""آیین رونمایی و اکران فیلم مستند«ساموئل خاچیکیان:یک گفت و گو» با حضور سازندگان فیلم، اهالی رسانه و جمعی از هنرمندان در پردیس سینمایی چارسو برگزار شد."",",arts
"    ""انیمیشن سینمایی «ببعی قهرمان» از ۴ مهرماه در سینماهای سراسر کشور اکران می‌شود."",",arts
"    ""محمد عسگری کارگردان سینما و عضو هیأت انتخاب و داوری جشنواره سینما جوان معتقد است کارگردان شدن، به معنای فیلمساز شدن نیست و بازی و نور در سینمای کوتاه اهمیت زیادی دارد.""",arts
"    ""دبیرخانه بیست و نهمین جشنواره بین‌المللی تئاتر کودک و نوجوان، از علاقه‌مندان دعوت می‌کند تا در دومین مسابقه نمایشنامه‌نویسی «قصه نمایش» شرکت کنند."",",arts
"    ""مهدی کاموس؛ داور نوزدهمین جشنواره هنرهای نمایشی کودکان و نوجوانان، کاربردی بودن نمایش‌نامه‌های رسیده به این جشنواره را نشان‌دهنده قوت آثار می‌داند."",",arts
"    ""معاون فرهنگی کانون پرورش فکری مراسم گشایش نوزدهمین جشنواره ملی هنرهای نمایشی کودکان و نوجوانان از طراحی جدید عروسک «دارا و سارا» در این جشنواره خبر داد."",",arts
"    ""فراخوان جشن مستقل سینمای مستند ایران منتشر و جوایز و تقویم آن اعلام شد."",",arts
"    ""پیمان جبلی رئیس صداوسیما پس از بازدید غرفه‌ها و افتتاح تالار هوش مصنوعی با خبرنگاران دیدار و گفتگو کرد و درباره همکاری‌های مشترک صداوسیما با نمایش‌خانگی، غیبت چند پلتفرم معروف، هوش مصنوعی و چند موضوع دیگر توضیحاتی ارائه کرد."",",arts
"    ""خزاعی در پاسخ به گلایه‌ها نسبت به شرایط فرهنگی، ممنوع الکارها و فیلم‌های توقیفی گفت: بنده ۳ سال است که مدیریت سازمان سینمایی را برعهده دارم، نه چهل سال و قطعا، نمی توانم پاسخگوی چهاردهه مدیریت سینما باشم."",",arts
"    ""خانه سینما اعلام کرد که مراسم تشییع پیکر زنده‌یاد صدرالدین حجازی سه‌شنبه ۲۷ شهریورماه در قطعه هنرمندان بهشت زهرا(ع) برگزار خواهد شد."",",arts
"    ""مدیران بخش های مختلف نوزدهمین جشنواره بین المللی تئاتر مقاومت طی احکامی جداگانه از سوی دبیر این رویداد ملی معرفی شدند."",",arts
"    ""فراخوان دوره جدید ارسال طرح مستند آرشیوی به «خانه مستند» منتشر شد."",",arts
"    ""مایشگاه عکس«برداشت دوم» با حضور جمعی ازعکاسان سینما درباغ کتاب تهران افتتاح شد."",",arts
"    ""سونیا شکیبا خبر درگذشت صدرالدین حجازی بازیگر قدیمی سینما و تلویزیون را تأیید کرد."",",arts
"    ""نمایش‌های «مجلس زنانه رختشورشاه» به کارگردانی علی یدالهی، «زیرزمین» به کارگردانی بیژن مرادی و «دورهمی چارلی، نیل سایمون و غیره...» به کارگردانی نیما مظاهری در عمارت نوفل‌لوشاتو روی صحنه می‌روند."",",arts
"    ""مهرداد غفارزاده کارگردان سینمای ایران از بازیگری می‌گوید که دهه ۶۰ بازی‌های درخشانی از او سینمای ایران به خودش دید و این روزها با فرزندانش در داخل چادر زندگی می‌کند."",",arts
"    ""اکران ۳ فیلم سینمایی و یک فیلم مستند همزمان با هفته پایانی شهریور در گروه سینمایی هنرو تجربه آغاز می‌شود."",",arts
"    ""پوستر دوره هفت‌ماهه فیلم‌سازی انجمن سینمای جوانان ایران با آغاز نام‌نویسی آن منتشر شد."",",arts
"    ""سیدمحمدحسین موسوی‌تبار معاون فرهنگی موزه سینما از راه‌اندازی پلتفرم تخصصی «سینما توگراف» و اولین سالن سینمای ۳۶۰ درجه خبر داد. او گفت: ۴ چهره سرشناس سینمای ایران روایتگر تاریخ شفاهی شدند."",",arts
"    ""حبیب احمدزاده با نگارش یک یادداشت در صفحه شخصی خود واکنش متفاوتی به روز سینما داشت."",",arts
"    ""همزمان با روز ملی سینما، رییس انجمن صنفی کارگردانان سینمای مستند مهمان برنامه تلویزیونی نردبان شده است و درباره مسائل صنفی در سینمای مستند سخن می‌گوید."",",arts
"    ""هشتمین دوره المپیاد فیلمسازی نوجوانان با حضور ۳۰ نوجوان دختر و پسر در اصفهان برگزار خواهد شد."",",arts
"    ""زهرا بهروز آذر معاون امور زنان و خانواده رئیس جمهور در پیامی درگذشت پری صابری کارگردان پیشکسوت تئاتر را تسلیت گفت.""",arts
"    ""قسمت هجدهم از برنامه «هفت»، جمعه ۲۳ شهریورماه با حضور محمد خزاعی به بررسی عملکرد سازمان سینمایی و نقد فیلم «The Twisters» می‌پردازد."",",arts
"    ""مدیران ستادی نوزدهمین جشنواره بین المللی تئاتر مقاومت طی احکامی جداگانه از سوی دبیر این رویداد ملی معرفی شدند."",",arts
"    ""«ادبیات» عنوان نمایشی است که از هجدهم شهریور به کارگردانی محمود امین در پردیس تئاتر «شهرزاد» پیش روی مخاطبان قرار گرفته است."",",arts
"    ""محمد اله‌یاری فومنی مدیرعامل بنیاد رودکی در پیامی درگذشت هنرمند گرامی سرکار خانم پری صابری پیامی را تسلیت گفت."",",arts
"    ""در دیدار وابسته فرهنگی ایران در هند با مدیر NFDC هند، فرصت‌های جدیدی برای معرفی فیلم‌های معلولین ایران در جشنواره بین‌المللی فیلم هند مطرح شد."",",arts
"    ""جلسه هیات مدیره کانون هنرمندان ایران با حضور اعضای هیات مدیره و جمعی از هنرمندان صاحب‌نام و پیشکسوت، روز گذشته در مجموعه پذیرایی سعدآباد تهران برگزار شد."",",arts
"    ""خبرهایی درباره بازیگران پیشکسوت سینما و تلویزیون در فضای‌مجازی دست به دست می‌شود؛ شاید یکی از مهمترین‌هایش، بیماری و وضعیت بغرنج صدرالدین حجازی باشد."",",arts
"    ""فیلم سینمایی «در آغوش درخت» در ادامه اکران‌های بین‌المللی خود، راهی جشنواره‌ فیلم کودک و نوجوان شارجه شد. همچنین انیمیشن سینمایی «ببعی قهرمان» پس از اولین اکران بین‌المللی خود در قزاقستان، اکران می‌شود."",",arts
"    ""قادر آشنا دبیر سومین جشن مهر سینمای ایران جزییات برگزاری این جشن در استان‌های مختلف کشور را تشریح کرد."",",arts
"    ""محمد خزاعی رئیس سازمان سینمایی کشور با حضور در اختتامیه شصت‌ونهمین جشنواره منطقه‌ای سینمای جوانان مشهد- مهروشید، از به گوش رسیدن صدای پای «فیلمسازان نو» در سراسر کشور گفت."",",arts
"    ""یستمین جشن مدیران تولید سینما به دبیری علی قائم مقامی و با حضور سینماگران کشور برگزار شد."",",arts
"    ""وزیر فرهنگ و ارشاد اسلامی همزمان با بیست‌ویکم شهریور روز ملی سینما در پیامی گفت: سینما این صنعت معجزه‌گون ممزوج  با هنر، دیرزمانی است که زبان گفت‌وگو، تعامل، تفاهم و وفاق میان نخبگان و مردم از یک سو و جامعه و نظام حکمرانی از سوی دیگر است."",",arts
"    ""پری صابری کارگردان سرشناس تئاتر بعد از مدت‌ها مبارزه با بیماری دارفانی را وداع گفت."",",arts
"    ""وحید ملتجی دبیر هشتمین المپیاد فیلمسازی نوجوانان گفت: امسال گروه اول و دوم و سوم نداریم و ۳۰ نفری که در ۶ گروه حاضراند، به نوعی تقدیر می‌شوند."",",arts
"    ""علاقه‌مندان برای شرکت در هجدهمین جشنواره بین‌المللی فیلم مستند ایران «سینماحقیقت» تا ۳۱ شهریور ۱۴۰۳ مهلت دارند، آثار خود را در سایت جشنواره بارگذاری کنند."",",arts
"    ""رئیس سازمان سینمایی در آستانه روز ملی سینما در پیامی این روز را به اهالی فرهنگ، هنر و خانواده بزرگ سینمای ایران تبریک گفت."",",arts
"    ""ماجرای تهدید صابر ابر واکنش‌های مختلفی را در پی داشت؛ اما با پیداشدن ابعاد تازه‌ای از این اتفاق، پرده از یک‌سری مسایل برداشته شد، در این گزارش به تحلیل جزئیات و ابهامات پیرامون این حادثه و ارتباط آن با اختلافات حقوقی پرداخته‌ایم."",",arts
"    ""به دلیل همزمانی با شهادت امام حسن عسگری (ع)، تئاترهای سراسر کشور به مدت یک شب روی صحنه نمی‌روند."",",arts
"    ""رسول صدرعاملی در جایگاه سخنگوی خانه سینما امروز با اصحاب رسانه درباره برگزار نشدن جشن روز سینما، مسئله بیماری بیکاری و برخی موارد دیگر، گفت‌وگو کرد."",",arts
"    ""کارگاه انتقال تجربه مجید مجیدی در شصت‌ونهمین جشنواره منطقه‌ای مشهد - مهروشید در پردیس ملل مشهد برگزار شد.""",arts
"    ""قرارداد اکران سه فیلم جدید به ثبت رسید. همچنین تاریخ آغاز اکران دو فیلم دیگر مشخص شد."",",arts
"    ""«بنیاد نمایش کودک« و دبیرخانه بیست و نهمین جشنواره بین المللی تئاتر کودک و نوجوان هم زمان با برگزاری این رویداد بین المللی در استان همدان برنامه های مشترکی را اجرا خواهند کرد."",",arts
"    ""رویداد «پرتاب» با حضور فیلمسازان، نمایندگان سرمایه گذاران و محمد حمیدی مقدم مدیرعامل مرکز گسترش سینمای مستند و تجربی به پایان رسید."",",arts
"    ""محمدرضا باقری دبیر جشنواره فرهنگی هنری اتقان گفت: مجموعاً ۲۵۴۵ اثر در بخش‌های مختلف جشنواره به این رویداد ارسال شده‌اند."",",arts
"    ""معاون بهداشت وزارت بهداشت در نامه‌ای به معاون سازمان صدا و سیما و رئیس سازمان تنظیم مقررات صوت و تصویر فراگیر در فضای مجازی، خواستار ملاحظات بهداشت روانی ـ اجتماعی تولیدات شبکه نمایش خانگی شد."",",arts
"    ""«پاسداشت فرهنگی روز سینما» با همکاری مراکز فرهنگی به مدت یک هفته برگزار می‌شود."",",arts
"    ""شهاب مهربان نمایش «گور پلاس»به تهیه کنندگی علیرضا توسلی زاده را در تئاتر شهر به صحنه می‌برد."",",arts
"    ""«در آغوش درخت» قصه‌ای خانوادگی دارد و پیوندش به مسایل اجتماعی نیز از دیگر ویژگی‌هایش است، این فیلم ماجرای زوجی در آستانه جدایی را روایت می‌کند که دو فرزند دارند و وابستگی فرزندان به یکدیگر مشکلاتی را برای آن‌ها و مسیر جدایی‌شان به وجود می‌آورد."",",arts
"    ""تئاتر کودک یکی از مهمترین بخش‌های هنرهای نمایشی است که نباید از آن غافل شد، در این گزارش به معرفی تعدادی از تئاترهای کودک و نوجوان روی صحنه می‌پردازیم."",",arts
"    ""«آغوش باز» با بازی حامد کمیلی و مهدی هاشمی با یک هفته تعویق قرار است از ۲۱ شهریور اکران خود را در سینماهای سراسر کشور آغاز کند."",",arts
"    ""«اتاق بغلی» پدرو آلمادوار برنده شیر طلای ونیز ۲۰۲۴ شد."",",arts
"    ""هیات انتخاب متون نوزدهمین دوره جشنواره بین المللی تئاتر مقاومت نمایشنامه های راه یافته به مرحله بازبینی این رویداد را معرفی کردند."",",arts
"    ""مرگ مشکوک یک جوان لنگرودی در پاسگاهی محلی در روستای ناصرکیاده شهرستان لاهیجان، چند روزی تیتر یک بسیاری از رسانه‌ها بود؛ ماجرایی که هنوز ابعاد مختلف آن روشن نشده است. خبرگزاری تسنیم در یک گزارش تحقیقی ابعاد تازه‌ای از این ماجرا را شفاف کرده است."",",arts
"    ""همزمان با میزبانی کشور کانادا از فیلم «در آغوش درخت» دومین پوستر رسمی و بین‌الملل این فیلم سینمایی رونمایی شد."",",arts
"    ""دبیر نوزدهمین جشنواره بین المللی تئاتر مقاومت با صدور احکامی جداگانه اعضای هیئت انتخاب متون این دوره از جشنواره را معرفی کرد."",",arts
"    ""ابوالفضل پورعرب پس از جراحی «پا» از بیمارستان مرخص شده و در حال حاضر در منزل دوران نقاهت را می‌گذراند. او به پیگیری تمرین‌های نمایش «اتللو» ادامه می‌دهد و امیدوار است که این نمایش در پاییز روی صحنه تالار وحدت برود."",",arts
"    ""همزمان با آغاز ماه ربیع، نمایش‌های کمدی در سراسر کشور اجراهای خود را آغاز خواهند کرد."",",arts
"    ""مسعود اطیابی کارگردان تگزاس ۳ معتقد است برخی منتقدان به دلیل مسائل صنفی از تعریف آثار طنز ممانعت می کنند و در مقابل یکی از منتقدان سینما تاکید دارد که منتقدان با سینمای طنز مشکل ندارند و اینروزها سینماگران اجتماعی طرد شده هستند."",",arts
"    ""انیمیشن سینمایی «ببعی قهرمان» در اولین اکران بین‌المللی خود راهی قزاقستان شد."",",arts
"    ""برداشت اشتباه سیدجواد هاشمی از یک عکس، مقایسه اشتباه‌تر او و نتیجه‌گیری عجیب و غریب او خبر از سقوط هنرمندی می‌دهد که مردم جور دیگری باورش کرده بودند.""",arts
"    ""تهدیدات علیه هنرمندان، از صابر ابر تا مادر علی انصاریان، پرسش‌هایی درباره واقعیت یا اغراق در رسانه‌ها ایجاد کرده است، آیا این وقایع واقعی‌اند یا بخشی از بازی‌های رسانه‌ای برای جلب توجه؟"",",arts
"    ""با نزدیک شدن به آغاز اکران فیلم «قیف» به کارگردانی محسن امیریوسفی و تهیه‌کنندگی سعید ملکان از اولین پوستر این فیلم با طراحی محمد روح‌الامین رونمایی شد."",",arts
"    ""فیلمسازان علاقه‌مند به حضور در هجدهمین جشنواره بین‌المللی فیلم مستند ایران «سینماحقیقت» تا ۲۰ شهریور ۱۴۰۳ برای ثبت نام و ارسال اثر فرصت دارند."",",arts
"    ""دست اندرکاران بیست و نهمین جشنواره بین المللی تئاتر کودک و نوجوان طی جلسه ای مشترک با شهردارهمدان و مدیرکل فرهنگ و ارشاد اسلامی استان همدان نسبت به برگزاری هرچه باشکوه تر این رویداد ملی تاکید کردند."",",arts
"    ""کارگروه انجمن صنفی عکاسان سینما و مدیران تولید سینما تشکیل شد."",",arts
"    ""۲۲ طرح با موضوع‌های مردم‌شناسی، اجتماعی، هنری، ورزشی، محیط زیست، زنان، جنگ، سیاسی، تاریخی و... برای حضور در مرحله نهایی رویداد «پرتاب» انتخاب شدند."",",arts
"    ""مدیرعامل موسسه خانه «ای بی» در مراسم رونمایی از مستند \""حماسه پروانه\"" گفت: بسیار تلاش کردم که وزیر ارتباطات دولت قبل کمک کند و تخفیفی برای ارسال پستی پانسمان‌های این بیماران بدهد، اما دریغ از یک توجه!"",",arts
"    ""مستند \""هشت بهانه کوچک برای یادآوری\"" براساس ۸ فایل چند رسانه‌ای کمتر دیده شده از امام موسی صدر، برخی از ویژگی‌های فردی و اجتماعی وی را تشریح می‌کند."",",arts
"    ""کارگردان مستند آن هفت روز گفت: تیم تصویربرداری و تولید ما در داخل سرزمین‌های اشغالی هستند و توانستیم به صورت آنلاین از مردم غزه تصویر بگیریم و تولید اثر کنیم."",",arts
"    ""فیلم کوتاه «خودکشی به سبک نیچه» در چهل و سومین جشنواره بین‌المللی فیلم ونکوور رقابت می‌کند."",",arts
"    ""چهل و یکمین جشنواره فیلم کوتاه تهران در حالی به روزهای برگزاری خود نزدیک می‌شود که این رویداد در سال‌های اخیر با وجود لحاظ کردن معیارهای سخت‌گیرانه حضور چهره‌ها و برترین فیلم‌های کوتاه سینمای جهان را رقم زده است."",",arts
"    ""سریال \""هشت پا\"" که بازیگران شناخته شده‌ی بسیاری دارد از اول مهرماه با موسیقی امیرحسین سمیعی روی آنتن می‌رود."",",arts
"    ""براساس گزارش برخی رسانه‌های خارجی، انیمیشین سینمایی «بچه‌زرنگ» در سینماهای اسرائیل به نمایش درآمده و خشم رسانه‌هایشان را در پی داشته است."",",arts
"    ""بنیاد سینمایی فارابی در ادامه روند تولیدات مشترک و حمایتی خود، آثار سینمایی جدیدی به جشنواره بین المللی فیلمهای کودکان و نوجوانان و جشنواره بین‌المللی فیلم فجر در بهمن ماه می‌رساند."",",arts
"    ""زمان مراسم تشییع، خاکسپاری و یادبود مرحومه زهره حمیدی اعلام شد."",",arts
"    ""حامد شکیبانیا گفت: توجه تلویزیون به استعدادهای دور از مرکز که صدایشان به اندازه هنرمندان شهرهای بزرگ بلند نیست، اتفاقات خوبی را رقم خواهد زد."",",arts
"    ""همزمان با راهی شدن گروه‌های مختلف مردمی به سمت کربلای معلی و از ابتدای ماه صفر، مجموع ویدئوهای مذهبی مرتبط با ایام اربعین، بالغ‌بر ۳۰ میلیون بازدید داشته است."",",arts
"    ""ثبت‌نام اولیه اهالی رسانه و منتقدان برای حضور در چهل و یکمین جشنواره بین‌المللی فیلم کوتاه تهران آغاز شد."",",arts
"    ""نمایش «حنوط» به کارگردانی طاها علی‌قارداشی از ۸ شهریور در عمارت نوفل‌لوشاتو روی صحنه می‌رود."",",arts
"    ""روز چهارشنبه هفتم شهریور طی مراسم ویژه ای در موزه سینما گنجینه زنده یاد امین تارخ و مازیار میری بصورت جداگانه رونمایی می شود.""",arts
"    ""شین‌هوآ، خبرگزاری دولتی چین، به نقل از منابع آگاه گزارش داد که وزیر بازرگانی چین و همتای آمریکایی‌اش در آینده نزدیک در…"",",business
"    ""تعداد موسساتی که برای اولین بار در نیمه اول سال ۲۰۲۴ کارت کارآفرینی را دریافت کردند به ۱۰ هزار و ۳۸۸ نفر رسید و تعداد…"",",business
"    ""بازارهای عربستان و امارات به ترتیب با ۰.۸۴ و ۰.۰۱درصد افت، حاکی از افزایش نگرانی‌‌‌های ژئوپلیتیک بود. بورس تهران نیز…"",",business
"    ""فدرال رزرو آمریکا قصد دارد از سیاست‌های پولی در طول زمان استفاده کند، اما با نزدیک شدن به اهداف خود می‌تواند به سمت…"",",business
"    ""شیگرو ایشیبا ۶۷ ساله، جوان‌ترین قانون‌گذار زمان خود و وزیر دفاع سابق بوده و با شکست دادن وزیر امنیت اقتصادی، تاکایچی،…"",",business
"    ""در آگوست ۲۰۲۰، امارات کمک‌های خود به لبنان را برای حمایت از تلاش‌های امدادی اضطراری در بیروت افزایش داد. کمک‌های…"",",business
"    ""بورس چین هفته گذشته در واکنش به بسته محرک اقتصادی دولت، صعودی رویایی را تجربه کرد. رصد نتایج ابتکارات پکن برای نجات…"",",business
"    ""سرمایه‌گذاران خارجی که به دنبال راه‌اندازی کسب‌وکار در دبی هستند می‌توانند یک نهاد حقوقی در سرزمین اصلی دبی یا در یکی…"",",business
"    ""ابعاد این خانه برابر با ۷.۹ متر در ۳.۳ متر است و ۲۶.۳ متر مربع مساحت دارد. فضای اصلی خانه، یک اتاق چند منظوره روشن و…"",",business
"    ""دبیر سندیکای صنعت برق گفت: در خصوص ترانزیت برق روسیه از مسیر ایران مهم اینکه به لحاظ روابط بین کشورها در سطح خوبی قرار…""",business
"    ""وضعیت اقتصادی ایران، تحت تأثیر عوامل داخلی و خارجی، از جمله تحریم‌ها، نوسانات قیمت نفت و تورم قرار دارد. در این گزارش…"",",business
"    ""عضو هیئت مدیره بانک مرکزی اروپا، بر اهمیت ظهور یورو دیجیتال در حفاظت از حاکمیت پولی اروپا تاکید کرد."",",business
"    ""رئیس‌جمهور روسیه طی اظهاراتی تأکید کرد که اقتصادهای غربی وارد دوران افول غیرقابل بازگشت شده‌اند، در حالی که کشورهای…"",",business
"    ""پیش‌بینی می‌شود بریتانیا، آلمان و هلند به عنوان سه بازیگر اصلی تا سال ۲۰۴۰ ظاهر شوند و مجموعاً ۱۵۰ گیگاوات ظرفیت…"",",business
"    ""روزنامه آلمانی بیلد در گزارشی فاش کرد که واردات بی‌رویه غلات ارزان از اوکراین، کشاورزان آلمانی را به شدت تحت فشار…"",",business
"    ""داده‌های منتشرشده نشان می‌دهد رشد اقتصاد ایالات‌متحده در سه ماهه دوم به میزان سه درصد است."",",business
"    ""چهار سال تمام کار گروهی زمان برد تا چین با استفاده از آهنربای مقاومتی، رکورد بیشترین میدان مغناطیسی ایالات متحده را…"",",business
"    ""حکومت طالبان اعلام کرد که افغانستان قصد دارد به بریکس بپیوندد. سخنگوی طالبان می‌گوید که این کشور مشتاق گسترش روابط و…"",",business
"    ""سازمان همکاری اقتصادی و توسعه پیش‌بینی تولید ناخالص داخلی جهانی را برای سال ۲۰۲۴ اندکی افزایش داد."",",business
"    ""با پایان محدودیت فروش داخلی در شرکت رسانه ای ترامپ، سهام این شرکت در معاملات شب گذشته ۱۰ درصد سقوط کرد.""",business
"    ""در سال‌های اخیر، دیدگاه‌ها در قبال تمام دولت‌ها(لویاتان‌ها) بیش از پیش منفی شده است. به نظر می‌رسد عملکرد دولت‌ها در…"",",business
"    ""نظرسنجی نشان داد که فعالیت تجاری منطقه یورو در این ماه به شدت و به طور غیرمنتظره‌ای کاهش یافت، زیرا خدمات این بلوک…"",",business
"    ""فعالیت تجاری ایالات‌متحده در ماه سپتامبر ثابت بود، اما میانگین قیمت‌های کالاها و خدمات با سریع‌ترین سرعت در ۶ ماه…"",",business
"    ""حزب رهبر و حاکم ژاپن، نخست‌وزیر آینده این کشور را و نخست‌وزیر انتخابی، سیاست پولی این کشور را تعیین خواهد کرد. ژاپن در…"",",business
"    ""رشد اقتصاد جهانی از ۳.۱ درصد در سال ۲۰۲۳ به ۲.۹ درصد کاهش خواهد یافت."",",business
"    ""روزنامه وال استریت ژورنال گزارش داد که شرکت سامسونگ کره و TSMC تایوان قصد دارند در امارات دست به ساخت کارخانه تولید…"",",business
"    ""سهام آسیایی روز سه‌شنبه به بالاترین حد خود در بیش از دو سال و نیم گذشته رسید که تحت تاثیر اقدامات محرک پولی و مالی…"",",business
"    ""الیوت هیل ۳۲ سال از زندگی خود را در نایک گذراند و نقش‌های ارشدی در سراسر اروپا و آمریکای شمالی داشت و به رشد کسب‌وکار…"",",business
"    ""مدیران شرکت صنایع نیمه‌رسانه تایوان اخیرا از امارات بازدید کردند تا درباره ساخت کارخانه‌های بزرگ در این کشور به مذاکره…"",",business
"    ""ارمنستان در تلاش است وابستگی خود به روسیه را کاهش دهد. یکی از مهم‌ترین گام‌ها در این مسیر، ساخت یک نیروگاه هسته‌ای…""",business
"    ""اتحادیه اروپا و چین در مذاکرات اخیر خود برای حل اختلافات در مورد خودروهای برقی، نتوانستند به پیشرفت چشمگیری دست یابند."",",business
"    ""شاخص نیروی کار در میان شاخص‌های توسعه جمعیت که بانک جهانی تعریف کرده است، معیار مهمی برای سنجش کیفیت و کمیت نیروی کار…"",",business
"    ""فابیو پانِتا، اقتصاددان ایتالیایی با سابقه برجسته در بانکداری مرکزی و تنظیمات مالی، در نوامبر ۲۰۲۳ به سمت رئیس بانک…"",",business
"    ""سامسونگ به کارگران اعتصابی خود در جنوب هند هشدار داد در صورت ادامه اعتراض، دستمزد دریافت نخواهند کرد و همچنین با خطر…"",",business
"    ""تعداد رو به رشدی از نفتکش‌هایی که به دلیل نقششان در نفت روسیه تحریم شده بودند، دوباره کار پیدا کردند و به تلاش مقامات…"",",business
"    ""هزاران پیجر و سایر دستگاه‌هایی که هفته گذشته در لبنان منفجر شدند، آغاز استفاده جدید و مرگبار زنجیره‌های تامین علیه…"",",business
"    ""رئیس بانک مرکزی اروپا اظهار کرد هوش مصنوعی می‌تواند روش تجارت را متحول کند."",",business
"    ""وزارت انرژی آمریکا در راستای تلاش برای انتقال زنجیره تامین از چین به خاک آمریکا، روز جمعه اعلام کرد ۳ میلیارد دلار به…"",",business
"    ""ماتام ونکاتا رائو، رئیس بانک مرکزی هند وعضو هیئت مدیره چندین مؤسسه مالی مهم است. در این گزارش زندگی شغلی وی را بیشتر…"",",business
"    ""در داده نمایی اسپوتنیک، میزان درآمد کشورهای مختلف با یکدیگر مقایسه شده است.""",business
"    ""اتحادیه اروپا و چین در مذاکرات اخیر خود برای حل اختلافات در مورد خودروهای برقی، نتوانستند به پیشرفت چشمگیری دست یابند."",",business
"    ""شاخص نیروی کار در میان شاخص‌های توسعه جمعیت که بانک جهانی تعریف کرده است، معیار مهمی برای سنجش کیفیت و کمیت نیروی کار…"",",business
"    ""فابیو پانِتا، اقتصاددان ایتالیایی با سابقه برجسته در بانکداری مرکزی و تنظیمات مالی، در نوامبر ۲۰۲۳ به سمت رئیس بانک…"",",business
"    ""سامسونگ به کارگران اعتصابی خود در جنوب هند هشدار داد در صورت ادامه اعتراض، دستمزد دریافت نخواهند کرد و همچنین با خطر…"",",business
"    ""تعداد رو به رشدی از نفتکش‌هایی که به دلیل نقششان در نفت روسیه تحریم شده بودند، دوباره کار پیدا کردند و به تلاش مقامات…"",",business
"    ""هزاران پیجر و سایر دستگاه‌هایی که هفته گذشته در لبنان منفجر شدند، آغاز استفاده جدید و مرگبار زنجیره‌های تامین علیه…"",",business
"    ""رئیس بانک مرکزی اروپا اظهار کرد هوش مصنوعی می‌تواند روش تجارت را متحول کند."",",business
"    ""وزارت انرژی آمریکا در راستای تلاش برای انتقال زنجیره تامین از چین به خاک آمریکا، روز جمعه اعلام کرد ۳ میلیارد دلار به…"",",business
"    ""ماتام ونکاتا رائو، رئیس بانک مرکزی هند وعضو هیئت مدیره چندین مؤسسه مالی مهم است. در این گزارش زندگی شغلی وی را بیشتر…"",",business
"    ""در داده نمایی اسپوتنیک، میزان درآمد کشورهای مختلف با یکدیگر مقایسه شده است.""",business
"    ""با کاهش نیم واحد درصدی نرخ بهره فدرال رزرو قیمت طلا رکورد تاریخی جدیدی رو ثبت کرد."",",business
"    ""سبک رهبری رئیس بانک مرکزی چین، پان گونگ‌شنگ و پیشینه گسترده او در امور مالی، او را به یکی از برجسته‌ترین شخصیت‌های…"",",business
"    ""ناسا با صدور هشداری اعلام کرد سیارکی به بزرگی یک ورزشگاه روز سه‌شنبه ۲۷ شهریور از نزدیکی زمین عبور خواهد کرد."",",business
"    ""دستمزد کار ساعتی منطقه یورو در سه ماهه دوم به‌طور سالانه به میزان ۴.۷ درصد افزایش یافت."",",business
"    ""۲۵ درصد از پلاک‌های به‌دست‌آمده با در نظر گرفتن بالاترین استانداردهای حفظ محیط زیست، تاکسی‌های برقی هستند. این خرید…"",",business
"    ""با بررسی زندگی‌نامه رئیس بانک مرکزی کشورهای گوناگون، می‌توان متوجه شد که کشورهای دیگر که ویژگی‌های مشترک با ایران…"",",business
"    ""سامسونگ در نامه‌ای به اتحادیه کارگران در کره جنوبی موافقت اعلام کرده که حقوق برخی کارگران افزایش یابد. اما کارگران…"",",business
"    ""به لطف انتصاب زنان به ریاست در سال گذشته، اکنون آن‌ها بیش از هر زمان دیگری رهبری بانک‌های مرکزی را بر عهده دارند؛ اما…"",",business
"    ""برخی از کشورها با ریسک بالاتر، همچنان هزینه بالایی صرف فروش اوراق قرضه خارجی به سرمایه‌گذاران می‌کنند؛ به‌ویژه پس از…"",",business
"    ""دونالد ترامپ، رئیس‌جمهور سابق آمریکا و نامزد جمهوری‌خواهان، تهدید کرده است که در صورت پیروزی، قانون کاهش تورم را لغو…""",business
"    ""ستاره فوتبال جهان با اتمام دوران مصدومیتش و رسیدن به شرایط آرمانی، بار دیگر به تیم ملی آرژانتین دعوت شد."",",sport
"    ""تیم ملی فوتسال برزیل به فینال جام جهانی فوتسال صعود کرد."",",sport
"    ""رییس‌کل دادگستری استان کرمان در تشریح آخرین وضعیت فساد در فوتبال گفت: تاکنون تمام اشخاص و متهمان پرونده فساد در باشگاه…"",",sport
"    ""یک رسانه از کشور قطر مدعی شد که دیدار تراکتور ایران با موهون باگان هند به تعویق افتاده و لغو نشده است."",",sport
"    ""وزیر ورزش و جوانان اعلام کرد: ورزشگاه آزادی از پایان پاییز آماده بهره‌برداری خواهد بود."",",sport
"    ""کمیته انضباطی فدراسیون فوتبال با صدور آرای جدید خود ۳ باشگاه لیگ برتری را جریمه کرد."",",sport
"    ""دادگاهی در آرژانتین اجازه داد جسد دیگو آرماندو مارادونا به آرامگاه در حال ساخت در بوئنوس‌آیرس منتقل شود."",",sport
"    ""مهدی طارمی، ستاره ایرانی اینتر در هفته دوم لیگ قهرمانان اروپا، نقش اصلی را در مسیر پیروزی تیمش مقابل ستاره سرخ بلگراد…"",",sport
"    ""سپاهان درحالی به مصاف استقلال تاحیکستان می‌رود که نسبت به بازی گذشته این تیم در لیگ برتر ایران اعلب نفرات تغییر کرده‌ان…"",",sport
"    ""با تصمیم نماینده کنفدراسیون فوتبال آسیا دیدار دو تیم تراکتور و موهان باگان لغو شد.""",sport
"    ""زمانی بسیار بعید به نظر می‌رسید اما شاید به زودی دوباره شاهد رقابت بارسلونا بر سر خرید بهترین بازیکنان اروپا باشیم و…"",",sport
"    ""مهدی طارمی در مراسم بهترین‌های فوتبال آسیا، نامزد جایزه بهترین لژیونر شد."",",sport
"    ""در دومین بازی از مرحله گروهی لیگ قهرمانان اروپا تیم فوتبال اینتر میلان در شبی که احتمالا مهدی طارمی را در ترکیب ثابت…"",",sport
"    ""کمیته انضباطی رای خود را درباره تخلف باشگاه پرسپولیس تهران مبنی بر جعل سند پزشکی صادر کرد."",",sport
"    ""ورزش ایران و جهان با اتفاقات و مسائل مختلفی همراه بود که گزیده‌ای از این وقایع و رویدادها در این گزارش آمده است."",",sport
"    ""هانیه رستمیان نماینده تیراندازی ایران در مسابقات فینال جام‌های جهانی خواهد بود."",",sport
"    ""اعتراضات شدید هواداران اسپرز به جانسون پس از دیدار با آرسنال، روند نمایش‌های وینگر ولزی را از این رو به آن رو کرده است."",",sport
"    ""عادل فردوسی پور گفت: رامین رضاییان به جواد نکونام در بین دو نیمه گفته است که قرار بود بکشی زیر سیستمت چرا من را گرفتی؟…"",",sport
"    ""قرارداد این فصل نکونام ۳۲ میلیارد تومان است که نصف شده. قرارداد فصل آیندۀ او ۴۰ میلیارد تومان است."",",sport
"    ""جواد نکونام آخرین بازی خود بر روی نیمکت استقلال را در بازی با السد قطر پشت سر گذاشت و به زودی هیات‌مدیره آبی‌پوشان…""",sport
"    ""رضا درویش می‌گوید کریم باقری برای بازگشت به پرسپولیس ابراز تمایل کرده است."",",sport
"    ""دیدار تیم‌های فوتبال السد قطر و استقلال در دومین بازی لیگ نخبگان آسیا به نتیجه ۲ بر صفر به سود تیم السد به پایان رسید."",",sport
"    ""دیدار تیم‌های پرسپولیس ایران و پاختاکور ازبکستان در هفته دوم لیگ نخبگان آسیا با نتیجه مساوی یک بر یک به پایان رسید."",",sport
"    ""سرپرست مدیرعاملی باشگاه تراکتور گفت: اطلاعی از تصمیم تیم موهون باگان هند نداریم و به طور کامل آماده برگزاری این…"",",sport
"    ""دو تیم استقلال و پرسپولیس از ساعت ۱۹:۳۰ امشب دوشنبه در دومین هفته لیگ نخبگان آسیا به ترتیب به مصاف السد قطر و پاختاکور…"",",sport
"    ""جامعه اسلامی ورزشکاران در پی شهادت دبیرکل حزب‌الله لبنان پیام تسلیت گفت."",",sport
"    ""ترکیب تیم استقلال در دیدار مقابل السد در هفته دوم لیگ نخبگان آسیا اعلام شد."",",sport
"    ""ترکیب پرسپولیس مقابل پاختاکور در بازی هفته دوم لیگ نخبگان آسیا اعلام شد."",",sport
"    ""دیدار تیم ملی فوتبال ایران مقابل قطر با ۱۰ هزار تماشاگر برگزار می‌شود."",",sport
"    ""تیم فوتبال پرسپولیس در چارچوب هفته دوم لیگ نخبگان آسیا در ورزشگاه شهدای شهرقدس به مصاف پاختاکور ازبکستان می‌رود.""",sport
"    ""ملی‌پوش بانوی کشورمان برای نخستین بار در تاریخ اسکواش مدال طلا را بر گردن آویخت"",",sport
"    ""تیم ملی فوتسال افغانستان با هدایت مجید مرتضایی، سرمربی ایرانی خود در اولین حضور در جام جهانی از مرحله گروهی صعود کرد…"",",sport
"    ""با وجود سپری شدن چند روز از دربی تهران، همچنان خبری از واکنش رسمی مسوولان فوتبال ایران در قبال کتک‌کاری رخ داده روی…"",",sport
"    ""بازی استقلال السد ساعت ۱۹:۳۰ امروز ۹ مهر ۱۴۰۳ در قطر و در استادیوم جاسم بن حمد برگزار می‌شود و این دیدار به شکل مستقیم…"",",sport
"    ""​تیم‌های فوتبال پرسپولیس و پاختاکور در هفته دوم لیگ نخبگان آسیا به مصاف هم می‌روند."",",sport
"    ""سرمربی تیم فوتبال پرسپولیس گفت: پرسپولیس تیمی است که همیشه برای بردن و موفقیت به زمین می‌رود."",",sport
"    ""ملی‌پوشان کبدی ساحلی ایران با برتری مقابل پاکستان به قهرمانی نخستین دوره رقابت‌های کبدی ساحلی جهان دست یافتند."",",sport
"    ""اظهارات علی دایی در مسایل اجتماعی و کارهایی که در این زمینه ها انجام می‌دهد بازتاب بسیاری در بین مردم و فضای مجازی…"",",sport
"    ""ورزشگاه محل برگزاری و زمان دو مسابقه از هفته هفتم لیگ برتر اعلام شد."",",sport
"    ""با اعلام رسمی AFC مکان و زمان دیدار تیم ملی فوتبال ایران مقابل قطر در هفته چهارم مرحله سوم مقدماتی جام جهانی ۲۰۲۶…""",sport
